Partition_ID,Nodes,Avg_Temperature,Max_Temperature,Avg_Congestion
0,"0,1,2,3,4",34.986159675462716,41.0186160690403,34.23703730025462
1,"5,6,7,8,9",34.312627034246646,37.66571992347815,35.449684885305984
2,"10,11,12,13,14",33.880722629512206,41.44178172798227,48.85470311978058
3,"15,16,17,18,19",38.64146918791214,44.07696611344534,41.502850856578824
